investigator_race,keywords_freq,punishment_severity,number_of_allegation
Black,0.129890932156549,63.19086552015788,3547
Asian/Pacific Islander,0.1058739149024087,57.06060606060606,198
Hispanic,0.13609458542548708,73.27516411378556,1828
White,0.12760384069446395,53.17304606921843,4363
lost,0.14397238114429423,7.550872968091511,1661
all_race,0.13151462406281775,53.30987394957983,12376
