investigator_race,keywords_freq,punishment_severity,number_of_allegation
Black,0.14418546440842314,63.19086552015788,3547
Asian/Pacific Islander,0.1169998098838366,57.06060606060606,198
Hispanic,0.1495323092053779,73.27516411378556,1828
White,0.14093857001849838,53.17304606921843,4363
lost,0.15775171826909104,7.550872968091511,1661
