victim_race,keywords_freq,punishment_severity,number_of_allegation
Black,0.1445488210758888,57.53276295923503,9935
Asian/Pacific Islander,,,0
Hispanic,0.14772732979532913,3.2564935064935066,1232
White,0.1521916064077345,58.84980744544288,779
lost,0.15531358879064044,89.11395348837209,430
