victim_race,keywords_freq,punishment_severity,number_of_allegation
Black,0.14456070554406245,57.53276295923503,9935
Asian/Pacific Islander,,,0
Hispanic,0.14772732979532913,3.2564935064935066,1232
White,0.1521916064077345,58.84980744544288,779
lost,0.1554995044525945,89.11395348837209,430
all_race,0.14573632257549668,53.30987394957983,12376
